Baseline,Cost,Improvement_vs_Theory
Theoretical Min,89274.0,0.0
No Action,90692.16000000002,1.5885476174474222
Price-Based,89701.794,0.479192150010066
Optimal Threshold,89399.33760000001,0.14039653202502222
